symbol,pin,x,y,angle
R,1,0,3.81,270
R,2,0,-3.81,90
C,1,0,3.81,270
C,2,0,-3.81,90
C_Polarized,1,0,3.81,270
C_Polarized,2,0,-3.81,90
C_Trim,1,0,3.81,270
C_Trim,2,0,-3.81,90
L,1,0,3.81,270
L,2,0,-3.81,90
D,1,-3.81,0,0
D,2,3.81,0,180
Crystal,1,-3.81,0,0
Crystal,2,3.81,0,180
Q_NPN_BEC,1,-5.08,0,0
Q_NPN_BEC,2,2.54,-5.08,90
Q_NPN_BEC,3,2.54,5.08,270
Q_PNP_BEC,1,-5.08,0,0
Q_PNP_BEC,2,2.54,-5.08,90
Q_PNP_BEC,3,2.54,5.08,270
Conn_Coaxial,1,-5.08,0,0
Conn_Coaxial,2,0,-5.08,90
TestPoint,1,0,0,90
Conn_01x19_Socket,1,-5.08,22.86,0
Conn_01x19_Socket,2,-5.08,20.32,0
Conn_01x19_Socket,3,-5.08,17.78,0
Conn_01x19_Socket,4,-5.08,15.24,0
Conn_01x19_Socket,5,-5.08,12.7,0
Conn_01x19_Socket,6,-5.08,10.16,0
Conn_01x19_Socket,7,-5.08,7.62,0
Conn_01x19_Socket,8,-5.08,5.08,0
Conn_01x19_Socket,9,-5.08,2.54,0
Conn_01x19_Socket,10,-5.08,0,0
Conn_01x19_Socket,11,-5.08,-2.54,0
Conn_01x19_Socket,12,-5.08,-5.08,0
Conn_01x19_Socket,13,-5.08,-7.62,0
Conn_01x19_Socket,14,-5.08,-10.16,0
Conn_01x19_Socket,15,-5.08,-12.7,0
Conn_01x19_Socket,16,-5.08,-15.24,0
Conn_01x19_Socket,17,-5.08,-17.78,0
Conn_01x19_Socket,18,-5.08,-20.32,0
Conn_01x19_Socket,19,-5.08,-22.86,0
