"Refs","Value","Spec","Footprint","MPN","Farnell","Qty","DNP"
"C1,C5,C8,C10,C14,C16,C18,C24,C28","56p","NP0/C0G ceramic 0805, 50 V","Capacitor_SMD:C_0805_2012Metric","","","9",""
"C2,C6,C9,C11,C15,C17,C19","6.5-30p","Murata TZC3 film trimmer, top adjust","Capacitor_SMD:C_Trimmer_Murata_TZC3","TZC3P300A110R00","2456139","7",""
"C3","3.3p","NP0/C0G ceramic 0805, 50 V","Capacitor_SMD:C_0805_2012Metric","","","1",""
"C4,C7,C13,C20","3-10p","Murata TZC3 film trimmer, top adjust","Capacitor_SMD:C_Trimmer_Murata_TZC3","TZC3R100A110R00","2456140RL","4",""
"C12","5.6p","NP0/C0G ceramic 0805, 50 V","Capacitor_SMD:C_0805_2012Metric","","","1",""
"C21","2.7n","X7R ceramic 0805, 50 V","Capacitor_SMD:C_0805_2012Metric","","","1",""
"C22","82p","NP0/C0G ceramic 0805, 50 V","Capacitor_SMD:C_0805_2012Metric","","","1",""
"C23,C27","8.2p","NP0/C0G ceramic 0805, 50 V","Capacitor_SMD:C_0805_2012Metric","","","2",""
"C25,C31","2.2n","X7R ceramic 0805, 50 V","Capacitor_SMD:C_0805_2012Metric","","","2",""
"C26","180p","NP0/C0G ceramic 0805, 50 V","Capacitor_SMD:C_0805_2012Metric","","","1",""
"C29","8.2n","X7R ceramic 0805, 50 V","Capacitor_SMD:C_0805_2012Metric","","","1",""
"C30","1.2n","X7R ceramic 0805, 50 V","Capacitor_SMD:C_0805_2012Metric","","","1",""
"C32,C33,C47","10n","X7R ceramic 0805, 50 V","Capacitor_SMD:C_0805_2012Metric","","","3",""
"C34,C36-C39,C48-C52,C54,C63,C64,C66-C82","100n","X7R ceramic 0805, 50 V","Capacitor_SMD:C_0805_2012Metric","","","30",""
"C35,C46","47p","NP0/C0G ceramic 0805, 50 V","Capacitor_SMD:C_0805_2012Metric","","","2",""
"C40,C42-C45,C55-C60,C65","1n","X7R ceramic 0805, 50 V","Capacitor_SMD:C_0805_2012Metric","","","12",""
"C41","1u","X7R ceramic 0805, 16 V or more","Capacitor_SMD:C_0805_2012Metric","","","1",""
"C53,C61","100u","electrolytic 10 V, radial D5 P2.5","Capacitor_THT:CP_Radial_D5.0mm_P2.50mm","","","2",""
"C62","1000u","electrolytic 10 V low ESR, radial D8 P3.5","Capacitor_THT:CP_Radial_D8.0mm_P3.50mm","","","1",""
"D1-D4","1N4148","DO-35","Diode_THT:D_DO-35_SOD27_P2.54mm_Vertical_AnodeUp","","","4",""
"D5","1N5711","Schottky, DO-35","Diode_THT:D_DO-35_SOD27_P2.54mm_Vertical_AnodeUp","","","1",""
"J1","SMA antenna","Amphenol edge-launch SMA","Connector_Coaxial:SMA_Amphenol_132289_EdgeMount","132289","2112467","1",""
"J2","SMA test (DNP)","Amphenol edge-launch SMA","Connector_Coaxial:SMA_Amphenol_132289_EdgeMount","132289","2112467","1","DNP"
"J3","ESP32 row B","female header 1x19, 2.54 mm, 8.5 mm stand-off (socket for ESP32-DevKitC V4 38-pin)","Connector_PinSocket_2.54mm:PinSocket_1x19_P2.54mm_Vertical","","","1",""
"J4","ESP32 row A","female header 1x19, 2.54 mm, 8.5 mm stand-off (socket for ESP32-DevKitC V4 38-pin)","Connector_PinSocket_2.54mm:PinSocket_1x19_P2.54mm_Vertical","","","1",""
"L1","2.2u tap13/27","T37-6 toroid: 27 t 0.4 mm enamelled, tap at turn 13, plus 3 t link winding on pads 4/5; mount on edge","qfh_receiver:TOROID_T37-6_UNIVERSAL","","","1",""
"L2-L4","2.2u tap13/27","T37-6 toroid: 27 t 0.4 mm enamelled, tap at turn 13; mount on edge","qfh_receiver:TOROID_T37-6_UNIVERSAL","","","3",""
"L5,L6","2.2u","T37-6 toroid: 27 t 0.4 mm enamelled; mount on edge","qfh_receiver:TOROID_T37-6_UNIVERSAL","","","2",""
"L7","2.2u","T37-6 toroid: 27 t 0.4 mm enamelled, plus 3 t link winding on pads 4/5; mount on edge","qfh_receiver:TOROID_T37-6_UNIVERSAL","","","1",""
"L8,L10","82n","air coil: 5 t 0.8 mm enamelled on a 5 mm former, one diameter from its pair","qfh_receiver:AIRCOIL_5MM","","","2",""
"L9,L11","150n","air coil: 7 t 0.8 mm enamelled on a 5 mm former, one diameter from its pair","qfh_receiver:AIRCOIL_5MM","","","2",""
"L12","FB 600R@100MHz","ferrite bead 0805, 600 ohm at 100 MHz, >= 200 mA","Inductor_SMD:L_0805_2012Metric","","","1",""
"Q1-Q4,Q6,Q8,Q10-Q13,Q15-Q17,Q19,Q20","BFR92P","Infineon SOT-23 (min 5, multiples of 5 at Farnell)","Package_TO_SOT_SMD:SOT-23","BFR92PE6327HTSA1","","15",""
"Q5,Q7,Q14","2N3906","TO-92, E-B-C pinout","Package_TO_SOT_THT:TO-92_Inline_Wide","","","3",""
"Q9,Q18","2N3904","TO-92, E-B-C pinout","Package_TO_SOT_THT:TO-92_Inline_Wide","","","2",""
"R1","9.1k","thick film 0805, 1 %","Resistor_SMD:R_0805_2012Metric","","","1",""
"R2,R5,R7,R8,R26,R28,R29,R31-R33,R36,R46,R56","10k","thick film 0805, 1 %","Resistor_SMD:R_0805_2012Metric","","","13",""
"R3,R14,R15,R18,R20,R22","11k","thick film 0805, 1 %","Resistor_SMD:R_0805_2012Metric","","","6",""
"R4","5.1k","thick film 0805, 1 %","Resistor_SMD:R_0805_2012Metric","","","1",""
"R6,R12","7.5k","thick film 0805, 1 %","Resistor_SMD:R_0805_2012Metric","","","2",""
"R9,R50","820","thick film 0805, 1 %","Resistor_SMD:R_0805_2012Metric","","","2",""
"R10,R11,R16,R19,R21","27k","thick film 0805, 1 %","Resistor_SMD:R_0805_2012Metric","","","5",""
"R13,R35","560","thick film 0805, 1 %","Resistor_SMD:R_0805_2012Metric","","","2",""
"R17","1k","thick film 0805, 1 %","Resistor_SMD:R_0805_2012Metric","","","1",""
"R23","120","thick film 0805, 1 %","Resistor_SMD:R_0805_2012Metric","","","1",""
"R24,R45,R48,R52,R54","330","thick film 0805, 1 %","Resistor_SMD:R_0805_2012Metric","","","5",""
"R25,R60","6.8k","thick film 0805, 1 %","Resistor_SMD:R_0805_2012Metric","","","2",""
"R27","3.3k","thick film 0805, 1 %","Resistor_SMD:R_0805_2012Metric","","","1",""
"R30","6.2k","thick film 0805, 1 %","Resistor_SMD:R_0805_2012Metric","","","1",""
"R34","220k","thick film 0805, 1 %","Resistor_SMD:R_0805_2012Metric","","","1",""
"R37","2.2","thick film 0805, 1 %","Resistor_SMD:R_0805_2012Metric","","","1",""
"R38,R62","100","thick film 0805, 1 %","Resistor_SMD:R_0805_2012Metric","","","2",""
"R39,R42","47","thick film 0805, 1 %","Resistor_SMD:R_0805_2012Metric","","","2",""
"R40,R47,R51,R53","180","thick film 0805, 1 %","Resistor_SMD:R_0805_2012Metric","","","4",""
"R41","4.7k","thick film 0805, 1 %","Resistor_SMD:R_0805_2012Metric","","","1",""
"R43","220","thick film 0805, 1 %","Resistor_SMD:R_0805_2012Metric","","","1",""
"R44","68","thick film 0805, 1 %","Resistor_SMD:R_0805_2012Metric","","","1",""
"R49","270","thick film 0805, 1 %","Resistor_SMD:R_0805_2012Metric","","","1",""
"R55","470","thick film 0805, 1 %","Resistor_SMD:R_0805_2012Metric","","","1",""
"R57","100k","thick film 0805, 1 %","Resistor_SMD:R_0805_2012Metric","","","1",""
"R58","47k","thick film 0805, 1 %","Resistor_SMD:R_0805_2012Metric","","","1",""
"R59","2.2k","thick film 0805, 1 %","Resistor_SMD:R_0805_2012Metric","","","1",""
"R61","33k","thick film 0805, 1 %","Resistor_SMD:R_0805_2012Metric","","","1",""
"R63","13k","thick film 0805, 1 %","Resistor_SMD:R_0805_2012Metric","","","1",""
"R64","15k","thick film 0805, 1 %","Resistor_SMD:R_0805_2012Metric","","","1",""
"R65","0R link","thick film 0805, 1 %","Resistor_SMD:R_0805_2012Metric","","","1",""
"R66-R69","10R","thick film 0805, 1 %","Resistor_SMD:R_0805_2012Metric","","","4",""
"TP1","inject 12.9M","","TestPoint:TestPoint_Pad_D2.0mm","","","1",""
"TP2","audio mon","","TestPoint:TestPoint_Pad_D2.0mm","","","1",""
"TP3","gnd","","TestPoint:TestPoint_Pad_D2.0mm","","","1",""
"Y1","25.000MHz","HC-49/S, FUNDAMENTAL mode (not overtone), CL 18-20 pF","Crystal:Crystal_HC49-4H_Vertical","","","1",""
